<?xml version="1.0" encoding="UTF-8"?>
<!DOCTYPE beans PUBLIC "-//SPRING//DTD BEAN 2.0//EN"
        "http://www.springframework.org/dtd/spring-beans-2.0.dtd">

<beans>

<bean id="stu1" class="com.spring.demo.Student">
	<property name="sid" value="101"></property>
	<property name="sname" value="srinivas"></property>
	<property name="marks" value="78.6"></property>
	<property name="gender" value="M"></property>
	<property name="items">
		<list>
			<value>Biryani</value>
			<value>Sweet</value>
			<value>Panipoori</value>
			<value>Rangu</value>
		</list>
		
		
	</property>
	
</bean>

</beans>
