<?xml version="1.0" encoding="UTF-8"?>
<!DOCTYPE beans PUBLIC "-//SPRING//DTD BEAN 2.0//EN"
        "http://www.springframework.org/dtd/spring-beans-2.0.dtd">

<beans>

<!-- bean definitions here -->
<!-- id represent object refference and class refference FQCN()
 
  fully qualified classname called class name with package name -->
	<bean id="emp" class="com.nareshit.Employee">
		<property name="empId" value="101"></property>
		<property name="empName" value="java"></property>
		
		
	</bean>
	<bean id="emp1" class="com.nareshit.Employee">
		<property name="empId" value="102"></property>
		<property name="empName" value="spring"></property>
		
		
	</bean>


</beans>