<?xml version="1.0" encoding="UTF-8"?>
<!DOCTYPE beans PUBLIC "-//SPRING//DTD BEAN 2.0//EN"
        "http://www.springframework.org/dtd/spring-beans-2.0.dtd">

<beans>

<!-- bean definitions here -->
<!-- id= object refference class is =FQCN (A class with package name also) -->
<bean  id="address" class="com.explain.friend.Address">

<property name="city" value="chennai"> </property>
<property name="pincode" value="1067453"> </property>
</bean>
<bean  id="address2" class="com.explain.friend.Address">

<property name="city" value="hyderbad"> </property>
<property name="pincode" value="564523"> </property>
</bean>


<bean id="emp6" class="com.explain.friend.Employee">
	<property name="employeeId" value="101"> </property>
	
	<property name="empName" value="durga"> </property>
	<property name="salary" value="60000"> </property>
	<property name="add" ref="address"> </property>
	
</bean>
	
	<bean id="emp9" class="com.explain.friend.Employee">
	<property name="employeeId" value="101"> </property>
	
	<property name="empName" value="sita"> </property>
	<property name="salary" value="60000"> </property>
	<property name="add" ref="address"> </property>
	
</bean>
	<bean id="emp7" class="com.explain.friend.Employee">
	<property name="employeeId" value="101"> </property>
	
	<property name="empName" value="deva"> </property>
	<property name="salary" value="60000"> </property>
	<property name="add" ref="address"> </property>
	
</bean>
	<bean id="emp8" class="com.explain.friend.Employee">
	<property name="employeeId" value="101"> </property>
	
	<property name="empName" value="ramarao"> </property>
	<property name="salary" value="60000"> </property>
	<property name="add" ref="address2"> </property>
	
</bean>
	
</beans>