<?xml version="1.0" encoding="UTF-8"?>
<!DOCTYPE beans PUBLIC "-//SPRING//DTD BEAN 2.0//EN"
        "http://www.springframework.org/dtd/spring-beans-2.0.dtd">

<beans>
<!--  beans is parent tag -->
<!-- bean definitions here -->
<!-- id = object refference  class as FQCN -->
 
<bean id="e" class="com.company.Employee">
<property name="empId" value="101"></property>
<property name="empName" value="rama"></property>
<property name="sal" value="35000"></property>
</bean>

<bean id="emp2"  class="com.company.Employee">
<property name="empId" value="102"></property>
<property name="empName" value="sita"></property>
<property name="sal" value="40000"></property>

</bean>
</beans>
