<?xml version="1.0" encoding="UTF-8"?>
<!DOCTYPE beans PUBLIC "-//SPRING//DTD BEAN 2.0//EN"
        "http://www.springframework.org/dtd/spring-beans-2.0.dtd">

<beans>
<!-- id = object refference, class=FQCN  -->
	<bean id="first" class="com.naresh.Order">
	<!-- now we pass the properties(methods& variables) -->
	
	<property name="orderId" value="1"></property>
	
	<property name="orderName" value="phones"></property>
	<property name="items">
	
	<list>
	<value>OnePlus</value>
	<value>Iphone</value>
		<value>realme</value>
	<value>samsung</value>
		<value>OnePlus</value>
	<value>poco</value>
	
	</list>
	</property>
	</bean>
	
	<bean id="two" class="com.naresh.Order">
	<property name="orderId" value="2"></property>
		<property name="orderName" value="Food"></property>
			<property name="items">
			<set>
	<value>Biryani</value>
	<value>rasagulla</value>
	<value>fiedrice</value>
	<value>chicken</value>
	<value>DUMBiryani</value>
	<value>rasagulla</value>
	<value>fiedrice</value>
	<value>chickenrice</value>
			</set>
			
			</property>
	</bean>
	
	
	<!-- Map data  -->
	
	<bean id="third" class="com.naresh.Order">
	<property name="orderId" value="3"></property>
		<property name="itemPrices">
		<map>
		<entry key="biryani" value="200"></entry>
		<entry key="wrogn" value="2000"></entry>
		<entry key="badampal" value="250"></entry>
		<entry key="rasagulla" value="50">
		
		</entry>
		</map>
		
		
		</property>
	</bean>
	
	
</beans>
<!-- how to pass List of data by using <list> tag -->